ticket_id,tipo_ticket,partido,liga,inicio,fase,minuto,mercado,seleccion,lado,linea,cuota,marcador_apuesta,goles_apuesta,goles_faltan,estado_sel,roja_equipo,roja_min,roja_a_favor,marcador_final,resultado,confianza,patrones,fuente
5476652481,combinada,Eslovenia vs Macedonia del Norte,UEFA Nations League,2026-09-29 13:45,2T,50,1x2,Eslovenia,local,,1.63,0:0,0,,empata,no,,False,2:0,W,alta,A1,https://www.espn.com/soccer/match/_/gameId/401861087
5476652481,combinada,España vs Croacia,UEFA Nations League,2026-09-29 13:45,2T,50,over,Más de 4.5,na,4.5,1.72,2:1,3,2,,no,,False,4:1,W,media,,https://www.lanacion.com.ar/deportes/futbol/espana-vs-croacia-en-vivo-nid29092026/
5476629327,combinada,Chequia vs Inglaterra,UEFA Nations League,2026-09-29 13:45,descanso,46,bb,Inglaterra gana + Más de 1.5,visitante,1.5,1.77,0:0,0,2,empata,local,25,True,0:2,W,alta,P4 A1,https://www.beinsports.com/en-us/soccer/uefa-nations-league/articles/czechia-0-2-england-gordon-and-kane-score-again-as-tuchels-side-get-off-the-mark-2026-09-29
5476629327,combinada,Escocia vs Suiza,UEFA Nations League,2026-09-29 13:45,descanso,46,over,Más de 2,na,2,1.42,0:1,1,2,,local,12,False,0:3,W,alta,P3,https://www.scottishfa.co.uk/en/news/scotland-v-switzerland-match-report
5472998916,combinada,Jamaica vs Honduras,Amistoso/Selecciones,2026-09-28 19:00,prepartido,,1x2,Jamaica,local,,2.05,pre,,,,no,,False,0:1,L,alta,,PDF
5472998916,combinada,América-MG vs EC Juventude,Brasil,2026-09-28 17:30,prepartido,,1x2,EC Juventude (PA),visitante,,1.83,pre,,,,no,,False,0:1,W,alta,,PDF
5472998916,combinada,Libertad vs Olimpia,Paraguay Primera,2026-09-28 17:15,prepartido,,btts,Sí,na,,1.7,pre,,,,no,,False,0:1,L,alta,,PDF
5471060206,simple,Bolívar vs Blooming,Bolivia,2026-09-27 16:15,2T,66,over,Más de 1.5,na,1.5,1.85,0:0,0,2,,visitante,57,False,3:0,W,alta,P3 A2,https://elmundo.com.bo/bolivar-derrota-3-a-0-a-blooming-sin-desgastarse/
5470204228,simple,Casarano vs Monopoli,Italia Serie C,2026-09-27 13:30,1T,8,bb,Casarano gana + Más de 1.5,local,1.5,1.85,0:0,0,2,empata,sin_dato,,False,0:1,L,baja,A1,inferido
5470117661,simple,Antoniano vs Ciudad de Lucena,España 2ª RFEF,2026-09-27 12:00,2T,67,over,Más de 2.5,na,2.5,1.63,0:2,2,1,,local,55,False,0:3,W,alta,P1 P3,https://www.flashscore.pe/partido/futbol/antoniano-t8KlMm2l/ciudad-de-lucena-x6jWHUPa/
5469717154,simple,Atenas vs Plaza Colonia,Uruguay 2ª División,2026-09-27 11:00,descanso,46,1x2,Atenas,local,,1.84,0:0,0,,empata,visitante,24,True,0:0,L,alta,P4 A1,https://cadenadelmar.uy/deporte/atenas-segunda-division-empato-con-plaza-colonia-llego-a-41-puntos-y-sigue-en-zona-de-playoffs-24674
5469702330,simple,CS Fola Esch vs FC Juvenil Canach,Luxemburgo,2026-09-27 11:00,descanso,46,1x2,CS Fola Esch,local,,1.9,0:0,0,,empata,sin_dato,,False,2:0,W,baja,A1,inferido por cuota
5469697137,combinada,Austria vs Kosovo,UEFA Nations League,2026-09-27 11:00,descanso,46,over,Más de 3,na,3,1.47,2:0,2,2,,no,,False,3:1,W,alta,,https://www.flashscore.com/news/soccer-uefa-nations-league-austria-kosovo-report-27-09-2026/l8VFwOWO/
5469697137,combinada,Badalona vs San Cristóbal,España 3ª RFEF,2026-09-27 11:00,descanso,46,over,Más de 5,na,5,1.3,sin_dato,,,,sin_dato,,False,4:0,L,sin_dato,,
5469187416,simple,Criciúma vs Avaí,Brasil Serie B,2026-09-27 09:00,2T,65,over,Más de 2,na,2,1.9,2:0,2,1,,no,,False,3:0,W,alta,P1,https://www.vavel.com/br/futebol/2026/09/27/serie-b/1273075-criciuma-derrota-o-avai-e-entra-no-g6.html
5469074975,simple,NK Croatia Zmijavci vs Sesvete,Croacia 2ª,2026-09-27 09:00,descanso,46,1x2,NK Croatia Zmijavci,local,,1.82,sin_dato,,,,sin_dato,,False,2:0,W,baja,,https://www.besoccer.com/match/croacia-zmijavci/nk-radnik-sesvete/202612533
5469021574,simple,Mirandés vs Unionistas,España 1ª RFEF,2026-09-27 09:00,1T,44,corners,Más de 12.5 córners,na,12.5,1.95,1:0,1,12,,no,,False,1:0,L,alta,A3,https://unionistascf.com/cronica-derrota-por-la-minima-en-miranda-1-0/
5468977608,combinada,Camacha vs Florgrade,Taça de Portugal,2026-09-27 09:00,1T,32,clasifica,Camacha se clasifica,local,,1.63,0:0,0,,empata,no,,False,0:1,L,alta,,https://bolanarede.pt/especial-bola-na-rede/atualidade/florgrade-elimina-camacha-e-ja-esta-definido-na-integra-o-quadro-de-jogos-da-3-a-eliminatoria-da-taca-de-portugal/
5468977608,combinada,Levanger vs Grorud,Noruega 2ª,2026-09-27 09:00,1T,32,bb,Ambos marcan + Más de 2.5,na,2.5,1.4,0:1,1,2,,no,,False,0:2,L,alta,,https://www.xscores.com/soccer/match/norway/levanger-vs-grorud/2026/2625640
5468844998,simple,FC Münsingen vs SV Muttenz,Suiza 1. Liga,2026-09-27 07:30,2T,67,corners,Más de 14.5 córners,na,14.5,1.88,sin_dato,,,,sin_dato,,False,1:2,L,sin_dato,A3,
5468815865,simple,De Graafschap vs Den Bosch,Países Bajos Eerste Divisie,2026-09-27 07:30,2T,58,corners,Den Bosch Más de 8.5 córners,visitante,8.5,1.63,1:0,1,8,pierde,no,,False,1:0,W,alta,A3,https://www.hollandsevelden.nl/en/wedstrijd/149084939/27-09-2026-graafschap-de-den-bosch-fc/
5468804268,combinada,Estrela Calheta vs Cinfães,Campeonato de Portugal,2026-09-27 08:00,1T,41,btts,Sí,na,,1.47,1:0,1,,,no,,False,2:2,W,media,,https://madeira.rtp.pt/desporto/calheta-empata-em-casa-com-o-cinfaes/
5468804268,combinada,FC Masar vs Ittihad El-Shorta,Copa de Egipto,2026-09-27 08:00,1T,41,over,Más de 3.5,na,3.5,1.8,sin_dato,,,,sin_dato,,False,1:2,L,sin_dato,,
5468804268,combinada,Hapoel Bnei Ein Mahel vs Bnei Maghar,Israel Liga Bet,2026-09-27 07:30,2T,54,over,Más de 5.5,na,5.5,1.9,sin_dato,,,,sin_dato,,False,2:5,W,sin_dato,,
5466617094,simple,Grêmio Prudente vs União São João,Copa Paulista,2026-09-26 15:00,2T,77,1x2,União São João,visitante,,2.75,0:0,0,,empata,local,62,True,0:0,L,alta,P4 A1,https://www.gazetaesportiva.com/campeonatos/copa-paulista/gremio-prudente-e-uniao-sao-joao-empatam-sem-gols-e-deixam-semifinal-da-copa-paulista-em-aberto/
5466254956,simple,Almirante Brown vs Acassuso,Argentina Primera Nacional,2026-09-26 13:30,2T,77,over,Más de 1.5,na,1.5,1.75,0:1,1,1,,no,,False,0:1,L,media,,https://www.lanacion.com.ar/deportes/canchallena/acassuso-vencio-por-1-0-a-almirante-brown-por-la-primera-nacional-2026-nid26092026/
5463512221,simple,Waterside Karori vs Fencibles United (F),Nueva Zelanda Femenina,2026-09-25 21:00,1T,21,1x2,Waterside Karori,local,,1.68,0:0,0,,empata,no,,False,0:1,L,alta,A1,https://www.friendsoffootballnz.com/2026/09/26/results-saturdays-winners-scorers-and-latest-league-tables-102/
5463508519,simple,Carmelita vs Municipal Santa Ana,Costa Rica Liga de Ascenso,2026-09-25 21:00,1T,20,1x2,Municipal Santa Ana,visitante,,1.8,sin_dato,,,,sin_dato,,False,1:0,L,sin_dato,,
5463430013,combinada,Once Caldas vs Bucaramanga,Colombia Primera A,2026-09-25 20:15,1T,30,1x2,Bucaramanga,visitante,,1.34,0:2,2,,gana,no,,False,1:3,W,alta,P2,https://www.infobae.com/colombia/deportes/2026/09/26/atletico-bucaramanga-pego-fuerte-y-derroto-al-once-caldas-en-manizales-asi-va-la-tabla-de-posiciones-de-la-liga-betplay/
5463430013,combinada,Cavalry FC vs FC Supra du Québec,Canadá CPL,2026-09-25 20:10,1T,35,over,Más de 3.5,na,3.5,1.45,2:0,2,2,,no,,False,6:0,W,media,,https://www.cplsoccer.com/news/cavalry-too-strong-for-supra-and-solid-leaders-highlights
5463430013,combinada,Carlos Mannucci vs Universidad San Martín,Perú Liga 2,2026-09-25 20:00,1T,45,over,Más de 4.5,na,4.5,1.63,3:0,3,2,,no,,False,7:0,W,alta,,https://diariocorreo.pe/deportes/mannucci-goleo-7-0-a-san-martin-en-trujillo-trujillo-la-libertad-peru-noticia/
5462763840,simple,General Caballero JLM vs 3 de Noviembre,Paraguay Intermedia,2026-09-25 16:30,1T,24,1x2,3 de Noviembre,visitante,,1.88,0:1,1,,gana,no,,False,1:3,W,media,P2,https://www.abc.com.py/deportes/futbol/intermedia/2026/09/26/el-3-de-noviembre-sorprende-y-vence-al-lider-general-caballero-jlm/
5462496161,simple,Comerciantes FC vs Sport Huancayo Reserva,Perú Liga 2,2026-09-25 15:15,1T,14,1x2,Sport Huancayo Reserva,visitante,,3.0,0:0,0,,empata,local,,True,0:1,W,media,P4 A1,https://www.futbolperuano.com/en-vivo/liga-2-comerciantes-fc-vs-sport-huancayo-602275
5459842282,combinada,Georgia vs Irlanda del Norte,UEFA Nations League,2026-09-25 11:00,prepartido,,1x2,Georgia (PA),local,,1.83,pre,,,,no,,False,0:1,L,alta,,PDF
5459842282,combinada,Armenia vs Letonia,UEFA Nations League,2026-09-25 11:00,prepartido,,1x2,Armenia (PA),local,,1.77,pre,,,,no,,False,0:0,W,baja,,PDF
5459842282,combinada,Suecia vs Rumanía,UEFA Nations League,2026-09-25 13:45,prepartido,,1x2,Suecia (cuota de oro),local,,1.49,pre,,,,no,,False,2:1,W,alta,,PDF
5459842282,combinada,Girona FC vs Albacete,España,2026-09-25 13:30,prepartido,,1x2,Girona FC (PA),local,,1.52,pre,,,,no,,False,2:0,W,alta,,PDF
5454837690,combinada,Grorud vs Moss,Copa de Noruega,2026-09-23 11:00,2T,66,over,Más de 2.5,na,2.5,1.47,1:1,2,1,,no,,False,1:1,L,alta,P1,https://sokascore.com/match/grorud-vs-moss-2026-09-23/
5454837690,combinada,Gerasdorf Stammersdorf vs Mauer,Austria Wiener Stadtliga,2026-09-23 12:00,1T,23,1x2,Mauer,visitante,,1.41,0:0,0,,empata,no,,False,0:2,W,alta,A1,https://www.ligaportal.at/wien/wiener-liga/spielberichte/44287-2-0-auswaertssieg-sportunion-mauer-nimmt-drei-punkte-aus-gerasdorf-mit
5454837690,combinada,Dimona vs Maccabi Ironi Kiryat Malakhi,Israel Liga Alef,2026-09-23 12:10,1T,13,over,Más de 2.5,na,2.5,1.4,sin_dato,,,,sin_dato,,False,1:5,W,sin_dato,,
5453798424,combinada,América de Cali vs Rionegro Águilas,Colombia Primera A,2026-09-23 18:25,prepartido,,1x2,América de Cali (cuota de oro),local,,1.68,pre,,,,no,,False,1:0,W,alta,,PDF
5453798424,combinada,Seattle Sounders vs Real Salt Lake,MLS,2026-09-23 20:30,prepartido,,btts,Sí,na,,1.55,pre,,,,no,,False,2:0,L,alta,,PDF
5453798424,combinada,Liverpool vs Colón,Uruguay,2026-09-23 13:30,prepartido,,1x2,Liverpool,local,,1.54,pre,,,,no,,False,3:0,W,alta,,PDF
5453798424,combinada,Wanderers vs Cerrito,Uruguay,2026-09-23 18:00,prepartido,,1x2,Wanderers,local,,1.68,pre,,,,no,,False,1:3,L,alta,,PDF
5452558101,combinada,Groene Ster vs AFC Amsterdam,Copa KNVB,2026-09-22 13:00,2T,60,over,Más de 5.5,na,5.5,2.1,0:4,4,2,,no,,False,1:6,W,media,,https://www.groenester.nl/2026/09/25/groene-ster-strandt-tegen-oppermachtig-afc-in-landelijke-beker/
5452558101,combinada,SK Austria Klagenfurt vs SV Donau Klagenfurt,Austria regional,2026-09-22 12:45,2T,75,cuarto_gol,Cuarto gol Austria Klagenfurt,local,,1.47,sin_dato,,,,sin_dato,,False,2:1,L,sin_dato,,
5452534976,combinada,Rochdale vs Liverpool Sub-21,EFL Trophy,2026-09-22 13:00,2T,52,1x2,Rochdale,local,,1.64,1:1,2,,empata,visitante,22,True,3:3,L,media,P4 A1,https://www.thisisanfield.com/2026/09/rochdale-vs-liverpool-u21s-efl-trophy-match-report/
5452534976,combinada,EVV Echt vs Halsteren,Copa KNVB,2026-09-22 13:00,2T,52,over,Más de 5.5,na,5.5,1.47,2:1,3,3,,visitante,30,False,3:1,L,media,P3,https://www.voetbalbrabant.nl/2026/09/rood-paal-en-gemiste-kansen-bekeravond-halsteren-eindigt-in-mineur/
5449751995,combinada,FC Arlanda vs Hammarby Talang FF,Suecia Ettan,2026-09-21 12:00,1T,44,over,Más de 4.5,na,4.5,1.66,sin_dato,,,,sin_dato,,False,4:2,W,sin_dato,,
5449751995,combinada,FC Spaeri vs FC Dila Gori,Georgia Erovnuli Liga,2026-09-21 12:00,1T,44,over,Más de 5.5,na,5.5,1.6,sin_dato,,,,sin_dato,,False,1:4,L,sin_dato,,
5447860482,simple,Deportivo San Pedro vs Cobán Imperial,Guatemala Liga Nacional,2026-09-20 15:55,2T,51,1x2,Cobán Imperial,visitante,,2.3,0:0,0,,empata,no,,False,1:1,L,alta,A1,https://www.espn.com/football/match/_/gameId/401879632
5447743814,simple,Tacoma Defiance vs Portland Timbers II,MLS Next Pro,2026-09-20 16:00,1T,25,bb,Tacoma gana + Más de 1.5,local,1.5,1.85,0:0,0,2,empata,no,,False,1:1,L,alta,A1,https://www.sounderatheart.com/2026/09/defiance-end-regular-season-with-a-draw-against-timbers-2/
5447205184,combinada,Fortaleza vs Atlético Junior,Colombia Primera A,2026-09-20 14:00,1T,24,over,Más de 2.5,na,2.5,1.55,0:1,1,2,,local,17,False,1:4,W,alta,P3,https://www.infobae.com/colombia/deportes/2026/09/21/junior-de-barranquilla-gano-su-primer-partido-en-la-liga-betplay-2026-ii-al-golear-4-1-a-fortaleza-asi-fueron-las-anotaciones/
5447205184,combinada,Botafogo SP Sub-20 vs Audax Sub-20,Paulista Sub-20,2026-09-20 12:59,2T,68,over,Más de 4.5,na,4.5,1.92,sin_dato,,,,sin_dato,,False,4:1,W,sin_dato,,
5446839784,combinada,Santa Clara vs SC Braga,Portugal Primeira Liga,2026-09-20 12:00,2T,55,over,Más de 0.5,na,0.5,1.45,0:0,0,1,,no,,False,0:0,L,alta,A2,https://www.espn.com/soccer/match/_/gameId/401885432
5446839784,combinada,Wehen Wiesbaden vs Duisburg,Alemania 3. Liga,2026-09-20 12:30,1T,42,over,Más de 4.5,na,4.5,1.68,0:3,3,2,,no,,False,1:4,W,alta,,https://www.kicker.de/wiesbaden-gegen-duisburg-2026-liga-5233274/ticker
5445400143,combinada,Frosinone vs Como,Italia Serie A,2026-09-20 08:00,2T,69,1x2,Frosinone,local,,1.34,2:0,2,,gana,no,,False,2:0,W,alta,P2,https://comofootball.com/en/frosinone-como-2-0-match-report/
5445400143,combinada,Grêmio vs Palmeiras,Brasil Serie A,2026-09-20 09:00,1T,26,over,Más de 1.5,na,1.5,1.42,0:0,0,2,,no,,False,0:0,L,alta,A2,PDF
5445400143,combinada,FC Fredericia vs Vejle,Dinamarca 1ª,2026-09-20 08:00,2T,69,over,Más de 3.5,na,3.5,1.45,1:2,3,1,,no,,False,2:2,W,alta,P1,https://www.fifa.com/pt/match-centre/match/6ifaeunfdelecgticvxanikzu/2mb332vncy4450vu14paj8844/2n7a8wmx3dck00xkkawld0wlw/caqy3e703plj9m8cbarix61hw
5445261892,combinada,Karpaty vs Veres,Ucrania Premier,2026-09-20 07:30,2T,81,over,Más de 1.5,na,1.5,2.2,1:0,1,1,,local,64,False,1:1,W,alta,P3,https://mezha.net/eng/news/5c19f45e_karpaty_draw_1-1/
5445261892,combinada,Twente vs PSV,Países Bajos Eredivisie,2026-09-20 07:30,2T,81,over,Más de 3.5,na,3.5,1.63,1:2,3,1,,no,,False,3:2,W,media,,https://www.vi.nl/wedstrijden/2026-09-20/fc-twente-vs-psv
5445069380,simple,Laval Sub-19 vs Saint-Lô Manche U19,Francia U19,2026-09-20 08:00,1T,40,dc,Empate o Saint-Lô,visitante,,2.8,sin_dato,,,,sin_dato,,False,3:0,L,sin_dato,,
5444974945,combinada,Bournemouth vs Liverpool,Inglaterra Premier League,2026-09-20 08:00,1T,23,over,Más de 1.5,na,1.5,1.4,0:0,0,2,,no,,False,0:1,L,alta,A2,https://www.skysports.com/football/bournemouth-vs-liverpool/9112895095798906232
5444974945,combinada,Norwich City vs Bolton,Inglaterra Championship,2026-09-20 07:30,descanso,46,over,Más de 5.5,na,5.5,1.77,sin_dato,,,,sin_dato,,False,3:4,W,sin_dato,,https://www.espn.com/soccer/match/_/gameId/401880250/bolton-wanderers-norwich-city
5443000987,simple,Deportivo Pasto vs Once Caldas,Colombia Primera A,2026-09-19 20:15,1T,39,over,Más de 1.5,na,1.5,2.05,0:0,0,2,,visitante,21,False,1:0,L,alta,P3 A2,https://www.futbolred.com/futbol-colombiano/liga-betplay/goles-resumen-y-resultado-deportivo-pasto-vs-once-caldas-fecha-11-liga-betplay-2026-ii-272993
5442659575,combinada,San Jose Earthquakes vs LAFC,MLS,2026-09-19 18:40,descanso,46,btts,Sí,na,,1.27,0:1,1,,,visitante,40,False,2:2,W,alta,P3,https://www.lafc.com/news/recap-san-jose-earthquakes-2-2-lafc-2026-mls-season-september-19
5442659575,combinada,DC United vs Charlotte FC,MLS,2026-09-19 18:40,descanso,46,over,Más de 2,na,2,1.19,0:1,1,2,,no,,False,1:2,W,media,,https://www.mlssoccer.com/competitions/mls-regular-season/2026/matches/dcvsclt-09-19-2026/
5442659575,combinada,Vasco da Gama vs Coritiba,Brasil Serie A,2026-09-19 18:30,descanso,46,over,Más de 2.5,na,2.5,1.17,2:0,2,1,,no,,False,5:0,W,alta,P1,https://www.meuvasco.com.br/vasco-x-coritiba-19-09-2026/
5442659575,combinada,Lexington SC vs Orange County SC,USL Championship,2026-09-19 18:06,2T,69,over,Más de 5.5,na,5.5,1.45,5:0,5,1,,no,,False,6:0,W,alta,P1,https://www.orangecountysoccer.com/news/2026/09/21/orange-county-sc-suffers-6-0-road-defeat-at-lexington/
5442294180,combinada,River Plate vs Huracán,Argentina Liga Profesional,2026-09-19 17:00,2T,49,btts,Sí,na,,1.4,0:1,1,,,no,,False,1:2,W,alta,,https://www.lanacion.com.ar/deportes/futbol/river-vs-huracan-en-vivo-nid19092026/
5442294180,combinada,Pioneros de Cancún vs Tapachula Soconusco,México Liga Premier,2026-09-19 16:44,2T,65,over,Más de 3.5,na,3.5,1.28,3:0,3,1,,no,,False,5:1,W,media,P1,https://quintanaroohoy.com/100deportes/pioneros-cancun-golea-tapachula-fc-5-1-y-suma-su-segunda-victoria
5442266134,simple,Club Aurora vs Universitario de Vinto,Bolivia Copa,2026-09-19 16:30,2T,73,1x2,Club Aurora,local,,1.61,3:2,5,,gana,no,,False,4:2,W,alta,P2,https://www.lostiempos.com/deportes/futbol/20260920/aurora-logra-triunfo-fc-universitario
5442194130,simple,CD Génesis vs Olancho FC,Honduras Liga Nacional,2026-09-19 16:30,2T,59,1x2,Olancho FC,visitante,,2.22,0:0,0,,empata,local,12,True,0:0,L,alta,P4 A1,https://www.diez.hn/liganacionaldehonduras/genesis-fc-resiste-con-diez-y-rescata-empate-olancho-en-el-apertura-BJ32080760
5440848129,simple,O Elvas vs UD Leiria,Taça de Portugal,2026-09-19 12:00,2T,74,1x2,UD Leiria,visitante,,2.1,0:0,0,,empata,local,,True,0:2,W,media,P4 A1,https://www.record.pt/futebol/futebol-nacional/taca-de-portugal/detalhe/o-elvas-u-leiria-0-2-unionistas-foram-ao-patalino-buscar-a-qualificacao
5440401912,combinada,Odense Boldklub vs FC Midtjylland,Dinamarca Superliga,2026-09-19 11:00,2T,69,over,Más de 1.5,na,1.5,1.4,0:1,1,1,,visitante,45,False,1:1,W,media,P3,https://bold.dk/fodbold/kamp/ob-vs-fc-midtjylland/2026-09-19/16354324/kampinfo
5440401912,combinada,Sparta Rotterdam vs Heerenveen,Países Bajos Eredivisie,2026-09-19 11:45,1T,41,over,Más de 2.5,na,2.5,1.47,0:1,1,2,,no,,False,0:4,W,baja,,https://www.vi.nl/wedstrijden/2026-09-19/sparta-rotterdam-vs-sc-heerenveen
5440264631,combinada,FC Sion vs FC Zürich,Suiza Super League,2026-09-19 11:00,descanso,46,dc,Empate o FC Zürich,visitante,,1.46,sin_dato,,,,sin_dato,,False,1:1,W,sin_dato,,
5440264631,combinada,Molde vs Aalesunds,Noruega Eliteserien,2026-09-19 11:00,descanso,46,1x2,Aalesunds,visitante,,1.4,0:2,2,,gana,no,,False,1:2,W,alta,P2,https://www.espn.com/soccer/match/_/gameId/401873903/aalesund-molde
