ticket_id,partido,liga,inicio,mercado,seleccion,lado,linea,cuota,marcador_final,resultado,marcador_apuesta,roja_equipo,roja_min,confianza,fuente,nota
5476652481,Eslovenia vs Macedonia del Norte,UEFA Nations League,2026-09-29 13:45,1x2,Eslovenia,local,,1.63,2:0,W,0:0,no,,alta,https://www.espn.com/soccer/match/_/gameId/401861087,Goles 55' y 82'
5476652481,España vs Croacia,UEFA Nations League,2026-09-29 13:45,over,Más de 4.5,na,4.5,1.72,4:1,W,2:1,no,,media,https://www.lanacion.com.ar/deportes/futbol/espana-vs-croacia-en-vivo-nid29092026/,Goles 1' 28' 31' antes de apostar; 63' y cierre después
5476629327,Chequia vs Inglaterra,UEFA Nations League,2026-09-29 13:45,bb,Inglaterra gana + Más de 1.5,visitante,1.5,1.77,0:2,W,0:0,local,25,alta,https://www.beinsports.com/en-us/soccer/uefa-nations-league/articles/czechia-0-2-england-gordon-and-kane-score-again-as-tuchels-side-get-off-the-mark-2026-09-29,Roja a Chequia 25'; goles 47' y 69'
5476629327,Escocia vs Suiza,UEFA Nations League,2026-09-29 13:45,over,Más de 2,na,2,1.42,0:3,W,0:1,local,12,alta,https://www.scottishfa.co.uk/en/news/scotland-v-switzerland-match-report,Roja a Escocia temprana; goles 12' 55' 82'
5472998916,Jamaica vs Honduras,Amistoso/Selecciones,2026-09-28 19:00,1x2,Jamaica,local,,2.05,0:1,L,pre,no,,alta,PDF,Prepartido
5472998916,América-MG vs EC Juventude,Brasil,2026-09-28 17:30,1x2,EC Juventude (PA),visitante,,1.83,0:1,W,pre,no,,alta,PDF,Prepartido
5472998916,Libertad vs Olimpia,Paraguay Primera,2026-09-28 17:15,btts,Sí,na,,1.70,0:1,L,pre,no,,alta,PDF,Prepartido
5471060206,Bolívar vs Blooming,Bolivia,2026-09-27 16:15,over,Más de 1.5,na,1.5,1.85,3:0,W,1:0,visitante,57,media,https://elmundo.com.bo/bolivar-derrota-3-a-0-a-blooming-sin-desgastarse/,Roja a Blooming 57'; goles 67' 83' 90'; la cuota 1.85 encaja mejor con 1:0 (gol del 67' ya marcado)
5470204228,Casarano vs Monopoli,Italia Serie C,2026-09-27 13:30,bb,Casarano gana + Más de 1.5,local,1.5,1.85,0:1,L,0:0,sin_dato,,baja,inferido,Apuesta al minuto 8; marcador inferido
5470117661,Antoniano vs Ciudad de Lucena,España 2ª RFEF,2026-09-27 12:00,over,Más de 2.5,na,2.5,1.63,0:3,W,0:2,local,55,alta,https://www.flashscore.pe/partido/futbol/antoniano-t8KlMm2l/ciudad-de-lucena-x6jWHUPa/,Goles 13' 63' 77'; roja a Antoniano 55'
5469717154,Atenas vs Plaza Colonia,Uruguay 2ª División,2026-09-27 11:00,1x2,Atenas,local,,1.84,0:0,L,0:0,visitante,24,alta,https://cadenadelmar.uy/deporte/atenas-segunda-division-empato-con-plaza-colonia-llego-a-41-puntos-y-sigue-en-zona-de-playoffs-24674,Roja a Plaza Colonia 24'; luego roja también a Atenas
5469702330,CS Fola Esch vs FC Juvenil Canach,Luxemburgo,2026-09-27 11:00,1x2,CS Fola Esch,local,,1.90,2:0,W,0:0,sin_dato,,baja,inferido por cuota,Sin fuente de minutos; cuota 1.90 al descanso encaja con 0:0
5469697137,Austria vs Kosovo,UEFA Nations League,2026-09-27 11:00,over,Más de 3,na,3,1.47,3:1,W,2:0,no,,alta,https://www.flashscore.com/news/soccer-uefa-nations-league-austria-kosovo-report-27-09-2026/l8VFwOWO/,Goles 23' y 45' antes de apostar
5469697137,Badalona vs San Cristóbal,España 3ª RFEF,2026-09-27 11:00,over,Más de 5,na,5,1.30,4:0,L,sin_dato,sin_dato,,sin_dato,,Sin minutos de goles
5469187416,Criciúma vs Avaí,Brasil Serie B,2026-09-27 09:00,over,Más de 2,na,2,1.90,3:0,W,2:0,no,,alta,https://www.vavel.com/br/futebol/2026/09/27/serie-b/1273075-criciuma-derrota-o-avai-e-entra-no-g6.html,Goles 48' 58' 81'
5469074975,NK Croatia Zmijavci vs Sesvete,Croacia 2ª,2026-09-27 09:00,1x2,NK Croatia Zmijavci,local,,1.82,2:0,W,sin_dato,sin_dato,,baja,https://www.besoccer.com/match/croacia-zmijavci/nk-radnik-sesvete/202612533,Fuente dice goles 13' y 18' pero cuota 1.82 al descanso no encaja con 2:0
5469021574,Mirandés vs Unionistas,España 1ª RFEF,2026-09-27 09:00,corners,Más de 12.5 córners,na,12.5,1.95,1:0,L,1:0,no,,alta,https://unionistascf.com/cronica-derrota-por-la-minima-en-miranda-1-0/,Gol olímpico 40'; conteo de córners sin dato
5468977608,Camacha vs Florgrade,Taça de Portugal,2026-09-27 09:00,clasifica,Camacha se clasifica,local,,1.63,0:1,L,0:0,no,,alta,https://bolanarede.pt/especial-bola-na-rede/atualidade/florgrade-elimina-camacha-e-ja-esta-definido-na-integra-o-quadro-de-jogos-da-3-a-eliminatoria-da-taca-de-portugal/,Gol 85'
5468977608,Levanger vs Grorud,Noruega 2ª,2026-09-27 09:00,bb,Ambos marcan + Más de 2.5,na,2.5,1.40,0:2,L,0:1,no,,alta,https://www.xscores.com/soccer/match/norway/levanger-vs-grorud/2026/2625640,Gol 23'
5468844998,FC Münsingen vs SV Muttenz,Suiza 1. Liga,2026-09-27 07:30,corners,Más de 14.5 córners,na,14.5,1.88,1:2,L,sin_dato,sin_dato,,sin_dato,,Sin minutos
5468815865,De Graafschap vs Den Bosch,Países Bajos Eerste Divisie,2026-09-27 07:30,corners,Den Bosch Más de 8.5 córners,visitante,8.5,1.63,1:0,W,1:0,no,,alta,https://www.hollandsevelden.nl/en/wedstrijd/149084939/27-09-2026-graafschap-de-den-bosch-fc/,Gol 22'; Den Bosch perdiendo y empujando
5468804268,Estrela Calheta vs Cinfães,Campeonato de Portugal,2026-09-27 08:00,btts,Sí,na,,1.47,2:2,W,1:0,no,,media,https://madeira.rtp.pt/desporto/calheta-empata-em-casa-com-o-cinfaes/,Goles 2' 40' 51'
5468804268,FC Masar vs Ittihad El-Shorta,Copa de Egipto,2026-09-27 08:00,over,Más de 3.5,na,3.5,1.80,1:2,L,sin_dato,sin_dato,,sin_dato,,Sin minutos
5468804268,Hapoel Bnei Ein Mahel vs Bnei Maghar,Israel Liga Bet,2026-09-27 07:30,over,Más de 5.5,na,5.5,1.90,2:5,W,sin_dato,sin_dato,,sin_dato,,Sin minutos
5466617094,Grêmio Prudente vs União São João,Copa Paulista,2026-09-26 15:00,1x2,União São João,visitante,,2.75,0:0,L,0:0,local,62,alta,https://www.gazetaesportiva.com/campeonatos/copa-paulista/gremio-prudente-e-uniao-sao-joao-empatam-sem-gols-e-deixam-semifinal-da-copa-paulista-em-aberto/,Roja a Prudente 62'
5466254956,Almirante Brown vs Acassuso,Argentina Primera Nacional,2026-09-26 13:30,over,Más de 1.5,na,1.5,1.75,0:1,L,0:1,no,,media,https://www.lanacion.com.ar/deportes/canchallena/acassuso-vencio-por-1-0-a-almirante-brown-por-la-primera-nacional-2026-nid26092026/,Gol de penal sin minuto; cuota 1.75 al 77' implica 0:1
5463512221,Waterside Karori vs Fencibles United (F),Nueva Zelanda Femenina,2026-09-25 21:00,1x2,Waterside Karori,local,,1.68,0:1,L,0:0,no,,alta,https://www.friendsoffootballnz.com/2026/09/26/results-saturdays-winners-scorers-and-latest-league-tables-102/,Gol 41'
5463508519,Carmelita vs Municipal Santa Ana,Costa Rica Liga de Ascenso,2026-09-25 21:00,1x2,Municipal Santa Ana,visitante,,1.80,1:0,L,sin_dato,sin_dato,,sin_dato,,Sin fuente
5463430013,Once Caldas vs Bucaramanga,Colombia Primera A,2026-09-25 20:15,1x2,Bucaramanga,visitante,,1.34,1:3,W,0:2,no,,alta,https://www.infobae.com/colombia/deportes/2026/09/26/atletico-bucaramanga-pego-fuerte-y-derroto-al-once-caldas-en-manizales-asi-va-la-tabla-de-posiciones-de-la-liga-betplay/,Goles 2' 12' 59' 62'
5463430013,Cavalry FC vs FC Supra du Québec,Canadá CPL,2026-09-25 20:10,over,Más de 3.5,na,3.5,1.45,6:0,W,2:0,no,,media,https://www.cplsoccer.com/news/cavalry-too-strong-for-supra-and-solid-leaders-highlights,Penal temprano y 16'
5463430013,Carlos Mannucci vs Universidad San Martín,Perú Liga 2,2026-09-25 20:00,over,Más de 4.5,na,4.5,1.63,7:0,W,3:0,no,,alta,https://diariocorreo.pe/deportes/mannucci-goleo-7-0-a-san-martin-en-trujillo-trujillo-la-libertad-peru-noticia/,Goles 11' 32' 38'
5462763840,General Caballero JLM vs 3 de Noviembre,Paraguay Intermedia,2026-09-25 16:30,1x2,3 de Noviembre,visitante,,1.88,1:3,W,0:1,no,,media,https://www.abc.com.py/deportes/futbol/intermedia/2026/09/26/el-3-de-noviembre-sorprende-y-vence-al-lider-general-caballero-jlm/,Goles 7' y 22'; cuota 1.88 encaja con 0:1
5462496161,Comerciantes FC vs Sport Huancayo Reserva,Perú Liga 2,2026-09-25 15:15,1x2,Sport Huancayo Reserva,visitante,,3.00,0:1,W,0:0,local,,media,https://www.futbolperuano.com/en-vivo/liga-2-comerciantes-fc-vs-sport-huancayo-602275,Roja temprana a Comerciantes sin minuto exacto
5459842282,Georgia vs Irlanda del Norte,UEFA Nations League,2026-09-25 11:00,1x2,Georgia (PA),local,,1.83,0:1,L,pre,no,,alta,PDF,Prepartido
5459842282,Armenia vs Letonia,UEFA Nations League,2026-09-25 11:00,1x2,Armenia (PA),local,,1.77,0:0,W,pre,no,,baja,PDF,Prepartido; PDF marca pago anticipado
5459842282,Suecia vs Rumanía,UEFA Nations League,2026-09-25 13:45,1x2,Suecia (cuota de oro),local,,1.49,2:1,W,pre,no,,alta,PDF,Prepartido
5459842282,Girona FC vs Albacete,España,2026-09-25 13:30,1x2,Girona FC (PA),local,,1.52,2:0,W,pre,no,,alta,PDF,Prepartido; pago anticipado
5454837690,Grorud vs Moss,Copa de Noruega,2026-09-23 11:00,over,Más de 2.5,na,2.5,1.47,1:1,L,1:1,no,,alta,https://sokascore.com/match/grorud-vs-moss-2026-09-23/,Goles 19' y 53'
5454837690,Gerasdorf Stammersdorf vs Mauer,Austria Wiener Stadtliga,2026-09-23 12:00,1x2,Mauer,visitante,,1.41,0:2,W,0:0,no,,alta,https://www.ligaportal.at/wien/wiener-liga/spielberichte/44287-2-0-auswaertssieg-sportunion-mauer-nimmt-drei-punkte-aus-gerasdorf-mit,Primer gol 65'
5454837690,Dimona vs Maccabi Ironi Kiryat Malakhi,Israel Liga Alef,2026-09-23 12:10,over,Más de 2.5,na,2.5,1.40,1:5,W,sin_dato,sin_dato,,sin_dato,,Sin minutos
5453798424,América de Cali vs Rionegro Águilas,Colombia Primera A,2026-09-23 18:25,1x2,América de Cali (cuota de oro),local,,1.68,1:0,W,pre,no,,alta,PDF,Prepartido
5453798424,Seattle Sounders vs Real Salt Lake,MLS,2026-09-23 20:30,btts,Sí,na,,1.55,2:0,L,pre,no,,alta,PDF,Prepartido
5453798424,Liverpool vs Colón,Uruguay,2026-09-23 13:30,1x2,Liverpool,local,,1.54,3:0,W,pre,no,,alta,PDF,Prepartido
5453798424,Wanderers vs Cerrito,Uruguay,2026-09-23 18:00,1x2,Wanderers,local,,1.68,1:3,L,pre,no,,alta,PDF,Prepartido
5452558101,Groene Ster vs AFC Amsterdam,Copa KNVB,2026-09-22 13:00,over,Más de 5.5,na,5.5,2.10,1:6,W,0:4,no,,media,https://www.groenester.nl/2026/09/25/groene-ster-strandt-tegen-oppermachtig-afc-in-landelijke-beker/,0:4 al descanso; 1:4 tras la pausa
5452558101,SK Austria Klagenfurt vs SV Donau Klagenfurt,Austria regional,2026-09-22 12:45,cuarto_gol,Cuarto gol Austria Klagenfurt,local,,1.47,2:1,L,sin_dato,sin_dato,,sin_dato,,Sin minutos
5452534976,Rochdale vs Liverpool Sub-21,EFL Trophy,2026-09-22 13:00,1x2,Rochdale,local,,1.64,3:3,L,1:1,visitante,22,media,https://www.thisisanfield.com/2026/09/rochdale-vs-liverpool-u21s-efl-trophy-match-report/,Roja a Liverpool U21 ~22'; 3:1 hasta el 90' y empate 94' y 96'
5452534976,EVV Echt vs Halsteren,Copa KNVB,2026-09-22 13:00,over,Más de 5.5,na,5.5,1.47,3:1,L,sin_dato,visitante,30,sin_dato,https://www.voetbalbrabant.nl/2026/09/rood-paal-en-gemiste-kansen-bekeravond-halsteren-eindigt-in-mineur/,2:1 al descanso y roja a Halsteren ~30'; la cuota 1.47 para Más de 5.5 es incompatible con ese marcador: pata excluida
5449751995,FC Arlanda vs Hammarby Talang FF,Suecia Ettan,2026-09-21 12:00,over,Más de 4.5,na,4.5,1.66,4:2,W,sin_dato,sin_dato,,sin_dato,,Sin minutos
5449751995,FC Spaeri vs FC Dila Gori,Georgia Erovnuli Liga,2026-09-21 12:00,over,Más de 5.5,na,5.5,1.60,1:4,L,sin_dato,sin_dato,,sin_dato,,Sin minutos
5447860482,Deportivo San Pedro vs Cobán Imperial,Guatemala Liga Nacional,2026-09-20 15:55,1x2,Cobán Imperial,visitante,,2.30,1:1,L,0:0,local,40,alta,https://guatefutbol.com/2026/09/20/cronica-san-pedro-rescata-un-punto-en-el-ultimo-suspiro/,Roja directa a Germán Águila (San Pedro) 40'; Cobán marca 59' y le empatan 90+1'
5447743814,Tacoma Defiance vs Portland Timbers II,MLS Next Pro,2026-09-20 16:00,bb,Tacoma gana + Más de 1.5,local,1.5,1.85,1:1,L,0:0,no,,alta,https://www.sounderatheart.com/2026/09/defiance-end-regular-season-with-a-draw-against-timbers-2/,Goles 50' y 90'
5447205184,Fortaleza vs Atlético Junior,Colombia Primera A,2026-09-20 14:00,over,Más de 2.5,na,2.5,1.55,1:4,W,0:1,local,17,alta,https://www.infobae.com/colombia/deportes/2026/09/21/junior-de-barranquilla-gano-su-primer-partido-en-la-liga-betplay-2026-ii-al-golear-4-1-a-fortaleza-asi-fueron-las-anotaciones/,Roja a Fortaleza 17'; goles 19' 26' 48'
5447205184,Botafogo SP Sub-20 vs Audax Sub-20,Paulista Sub-20,2026-09-20 12:59,over,Más de 4.5,na,4.5,1.92,4:1,W,sin_dato,sin_dato,,sin_dato,,Sin minutos
5446839784,Santa Clara vs SC Braga,Portugal Primeira Liga,2026-09-20 12:00,over,Más de 0.5,na,0.5,1.45,0:0,L,0:0,no,,alta,https://www.espn.com/soccer/match/_/gameId/401885432,Terminó 0:0
5446839784,Wehen Wiesbaden vs Duisburg,Alemania 3. Liga,2026-09-20 12:30,over,Más de 4.5,na,4.5,1.68,1:4,W,0:3,no,,alta,https://www.kicker.de/wiesbaden-gegen-duisburg-2026-liga-5233274/ticker,Goles 18' 25' 33' 45' 54'
5445400143,Frosinone vs Como,Italia Serie A,2026-09-20 08:00,1x2,Frosinone,local,,1.34,2:0,W,2:0,no,,alta,https://comofootball.com/en/frosinone-como-2-0-match-report/,Goles 14' y 45+3'
5445400143,Grêmio vs Palmeiras,Brasil Serie A,2026-09-20 09:00,over,Más de 1.5,na,1.5,1.42,0:0,L,0:0,no,,alta,PDF,Terminó 0:0
5445400143,FC Fredericia vs Vejle,Dinamarca 1ª,2026-09-20 08:00,over,Más de 3.5,na,3.5,1.45,2:2,W,1:2,no,,alta,https://www.fifa.com/pt/match-centre/match/6ifaeunfdelecgticvxanikzu/2mb332vncy4450vu14paj8844/2n7a8wmx3dck00xkkawld0wlw/caqy3e703plj9m8cbarix61hw,Goles 14' 24' 64' 84'
5445261892,Karpaty vs Veres,Ucrania Premier,2026-09-20 07:30,over,Más de 1.5,na,1.5,2.20,1:1,W,1:0,local,64,alta,https://mezha.net/eng/news/5c19f45e_karpaty_draw_1-1/,Gol 24'; roja a Karpaty 64'; empate 82'
5445261892,Twente vs PSV,Países Bajos Eredivisie,2026-09-20 07:30,over,Más de 3.5,na,3.5,1.63,3:2,W,1:2,no,,media,https://www.vi.nl/wedstrijden/2026-09-20/fc-twente-vs-psv,Goles 14' 26' 29' 79' 83'; cuota implica apuesta antes del 79'
5445069380,Laval Sub-19 vs Saint-Lô Manche U19,Francia U19,2026-09-20 08:00,dc,Empate o Saint-Lô,visitante,,2.80,3:0,L,sin_dato,sin_dato,,sin_dato,,Sin minutos; cerrado con cash-out
5444974945,Bournemouth vs Liverpool,Inglaterra Premier League,2026-09-20 08:00,over,Más de 1.5,na,1.5,1.40,0:1,L,0:0,no,,alta,https://www.skysports.com/football/bournemouth-vs-liverpool/9112895095798906232,Gol 57'
5444974945,Norwich City vs Bolton,Inglaterra Championship,2026-09-20 07:30,over,Más de 5.5,na,5.5,1.77,3:4,W,sin_dato,sin_dato,,sin_dato,https://www.espn.com/soccer/match/_/gameId/401880250/bolton-wanderers-norwich-city,Faltan minutos de Bolton
5443000987,Deportivo Pasto vs Once Caldas,Colombia Primera A,2026-09-19 20:15,over,Más de 1.5,na,1.5,2.05,1:0,L,0:0,visitante,21,alta,https://www.futbolred.com/futbol-colombiano/liga-betplay/goles-resumen-y-resultado-deportivo-pasto-vs-once-caldas-fecha-11-liga-betplay-2026-ii-272993,Roja a Once Caldas 21'; gol 49'
5442659575,San Jose Earthquakes vs LAFC,MLS,2026-09-19 18:40,btts,Sí,na,,1.27,2:2,W,0:1,visitante,40,alta,https://www.lafc.com/news/recap-san-jose-earthquakes-2-2-lafc-2026-mls-season-september-19,Gol LAFC 34'; roja a LAFC en el 1T
5442659575,DC United vs Charlotte FC,MLS,2026-09-19 18:40,over,Más de 2,na,2,1.19,1:2,W,1:1,no,,media,https://www.mlssoccer.com/competitions/mls-regular-season/2026/matches/dcvsclt-09-19-2026/,Goles 22' 47' 71'; con la hora del ticket (±3 min) la cuota 1.19 solo encaja tras el 1:1 del 47'
5442659575,Vasco da Gama vs Coritiba,Brasil Serie A,2026-09-19 18:30,over,Más de 2.5,na,2.5,1.17,5:0,W,2:0,no,,alta,https://www.meuvasco.com.br/vasco-x-coritiba-19-09-2026/,Goles 24' 44' 56' 63' 73'
5442659575,Lexington SC vs Orange County SC,USL Championship,2026-09-19 18:06,over,Más de 5.5,na,5.5,1.45,6:0,W,5:0,no,,alta,https://www.orangecountysoccer.com/news/2026/09/21/orange-county-sc-suffers-6-0-road-defeat-at-lexington/,Goles 9' 15' 24' 35' 49' 85'
5442294180,River Plate vs Huracán,Argentina Liga Profesional,2026-09-19 17:00,btts,Sí,na,,1.40,1:2,W,0:1,no,,alta,https://www.lanacion.com.ar/deportes/futbol/river-vs-huracan-en-vivo-nid19092026/,Goles 9' 65' 80'
5442294180,Pioneros de Cancún vs Tapachula Soconusco,México Liga Premier,2026-09-19 16:44,over,Más de 3.5,na,3.5,1.28,5:1,W,3:0,no,,media,https://quintanaroohoy.com/100deportes/pioneros-cancun-golea-tapachula-fc-5-1-y-suma-su-segunda-victoria,Goles 3' 11' 33' 64' 66' 67'
5442266134,Club Aurora vs Universitario de Vinto,Bolivia Copa,2026-09-19 16:30,1x2,Club Aurora,local,,1.61,4:2,W,3:2,no,,alta,https://www.lostiempos.com/deportes/futbol/20260920/aurora-logra-triunfo-fc-universitario,Goles 34' 41' 46' 59' 72' 81'
5442194130,CD Génesis vs Olancho FC,Honduras Liga Nacional,2026-09-19 16:30,1x2,Olancho FC,visitante,,2.22,0:0,L,0:0,local,12,alta,https://www.diez.hn/liganacionaldehonduras/genesis-fc-resiste-con-diez-y-rescata-empate-olancho-en-el-apertura-BJ32080760,Roja a Génesis 12' (otra fuente dice 9'); Olancho toma el control con uno más
5440848129,O Elvas vs UD Leiria,Taça de Portugal,2026-09-19 12:00,1x2,UD Leiria,visitante,,2.10,0:2,W,0:0,local,,media,https://www.record.pt/futebol/futebol-nacional/taca-de-portugal/detalhe/o-elvas-u-leiria-0-2-unionistas-foram-ao-patalino-buscar-a-qualificacao,"Roja directa a Lucão (O Elvas) seis minutos después de entrar, minuto exacto sin dato; Leiria marca 85' y 90+ con uno más"
5440401912,Odense Boldklub vs FC Midtjylland,Dinamarca Superliga,2026-09-19 11:00,over,Más de 1.5,na,1.5,1.40,1:1,W,0:1,visitante,45,media,https://bold.dk/fodbold/kamp/ob-vs-fc-midtjylland/2026-09-19/16354324/kampinfo,Midtjylland marca temprano y juega con 10 todo el 2T
5440401912,Sparta Rotterdam vs Heerenveen,Países Bajos Eredivisie,2026-09-19 11:45,over,Más de 2.5,na,2.5,1.47,0:4,W,0:1,no,,baja,https://www.vi.nl/wedstrijden/2026-09-19/sparta-rotterdam-vs-sc-heerenveen,Goles 28' 43' 56' 75'; cuota sugiere 0:2
5440264631,FC Sion vs FC Zürich,Suiza Super League,2026-09-19 11:00,dc,Empate o FC Zürich,visitante,,1.46,1:1,W,sin_dato,sin_dato,,sin_dato,,Fuentes contradictorias
5440264631,Molde vs Aalesunds,Noruega Eliteserien,2026-09-19 11:00,1x2,Aalesunds,visitante,,1.40,1:2,W,0:2,no,,alta,https://www.espn.com/soccer/match/_/gameId/401873903/aalesund-molde,Goles 7' 44' 82'
