ticket_id,emision,tipo,modo,cuota_total,stake,retorno,estado
5476652481,2026-09-29 14:52,combinada,vivo,2.81,1.00,2.81,ganado
5476629327,2026-09-29 14:45,combinada,vivo,2.53,2.23,5.64,ganado
5472998916,2026-09-28 12:45,combinada,prepartido,6.38,1.00,0.00,perdido
5471060206,2026-09-27 17:38,simple,vivo,1.85,1.00,1.85,ganado
5470204228,2026-09-27 13:38,simple,vivo,1.85,2.00,0.00,perdido
5470117661,2026-09-27 13:24,simple,vivo,1.63,1.46,2.38,ganado
5469717154,2026-09-27 11:59,simple,vivo,1.84,2.00,0.00,perdido
5469702330,2026-09-27 11:57,simple,vivo,1.90,1.50,2.85,ganado
5469697137,2026-09-27 11:56,combinada,vivo,1.91,1.00,0.00,perdido
5469187416,2026-09-27 10:22,simple,vivo,1.90,4.00,7.63,ganado
5469074975,2026-09-27 09:57,simple,vivo,1.82,2.00,3.65,ganado
5469021574,2026-09-27 09:44,simple,vivo,1.95,2.00,0.00,perdido
5468977608,2026-09-27 09:32,combinada,vivo,2.28,1.00,0.00,perdido
5468844998,2026-09-27 08:54,simple,vivo,1.88,3.00,0.00,perdido
5468815865,2026-09-27 08:45,simple,vivo,1.63,4.00,6.53,ganado
5468804268,2026-09-27 08:41,combinada,vivo,5.04,1.75,3.30,cashout
5466617094,2026-09-26 16:34,simple,vivo,2.75,1.25,0.00,perdido
5466254956,2026-09-26 15:04,simple,vivo,1.75,2.45,0.00,perdido
5463512221,2026-09-25 21:21,simple,vivo,1.68,1.50,0.00,perdido
5463508519,2026-09-25 21:20,simple,vivo,1.80,3.00,0.00,perdido
5463430013,2026-09-25 20:45,combinada,vivo,3.19,1.55,4.95,ganado
5462763840,2026-09-25 16:54,simple,vivo,1.88,4.00,7.55,ganado
5462496161,2026-09-25 15:29,simple,vivo,3.00,5.00,15.00,ganado
5459842282,2026-09-24 22:23,combinada,prepartido,7.38,1.00,0.00,perdido
5454837690,2026-09-23 12:23,combinada,vivo,2.92,1.25,0.00,perdido
5453798424,2026-09-22 23:41,combinada,prepartido,6.78,1.25,0.00,perdido
5452558101,2026-09-22 14:17,combinada,vivo,3.08,1.00,0.00,perdido
5452534976,2026-09-22 14:09,combinada,vivo,2.42,1.40,0.00,perdido
5449751995,2026-09-21 12:44,combinada,vivo,2.66,2.00,0.00,perdido
5447860482,2026-09-20 17:03,simple,vivo,2.30,2.00,0.00,perdido
5447743814,2026-09-20 16:25,simple,vivo,1.85,1.37,0.00,perdido
5447205184,2026-09-20 14:24,combinada,vivo,2.98,1.13,3.37,ganado
5446839784,2026-09-20 13:12,combinada,vivo,2.44,1.00,0.00,perdido
5445400143,2026-09-20 09:26,combinada,vivo,2.78,1.00,0.51,cashout
5445261892,2026-09-20 09:08,combinada,vivo,3.59,1.00,3.59,ganado
5445069380,2026-09-20 08:40,simple,vivo,2.80,2.00,1.24,cashout
5444974945,2026-09-20 08:23,combinada,vivo,2.48,1.50,2.29,cashout
5443000987,2026-09-19 20:54,simple,vivo,2.05,1.14,0.00,perdido
5442659575,2026-09-19 19:32,combinada,vivo,2.58,1.00,2.58,ganado
5442294180,2026-09-19 18:06,combinada,vivo,1.80,1.00,1.80,ganado
5442266134,2026-09-19 18:00,simple,vivo,1.61,1.71,2.76,ganado
5442194130,2026-09-19 17:46,simple,vivo,2.22,1.00,0.00,perdido
5440848129,2026-09-19 13:31,simple,vivo,2.10,1.77,3.71,ganado
5440401912,2026-09-19 12:26,combinada,vivo,2.06,1.50,3.09,ganado
5440264631,2026-09-19 12:02,combinada,vivo,2.04,4.00,8.18,ganado
